{
  "seq_lengths": [
    16,
    32,
    64,
    128,
    256,
    512,
    1024
  ],
  "dense": [
    10.30874252319336,
    14.592409133911133,
    22.64237403869629,
    44.25168037414551,
    105.70025444030762,
    242.25878715515137,
    1375.9379386901855
  ],
  "local": [
    6.730079650878906,
    9.774446487426758,
    14.615774154663086,
    22.059917449951172,
    36.8504524230957,
    69.07153129577637,
    206.376314163208
  ],
  "global": [
    6.636619567871094,
    9.829044342041016,
    14.164447784423828,
    22.141695022583008,
    35.61210632324219,
    67.32010841369629,
    206.10499382019043
  ],
  "mixed": [
    6.761789321899414,
    9.816169738769531,
    14.401435852050781,
    21.560192108154297,
    36.512136459350586,
    65.43493270874023,
    204.66089248657227
  ]
}